226:135:121:,225:133:118:,223:131:108:,223:129:110:,225:135:111:,234:148:119:,235:143:117:,207:102:103:,161:62:87:,173:71:89:,177:74:86:,179:75:87:,177:75:86:,186:83:89:,195:90:91:,202:95:92:,204:99:98:,205:101:99:,203:99:95:,205:101:97:,210:101:99:,211:102:100:,209:101:98:,207:102:98:,208:103:100:,207:102:103:,205:103:102:,205:99:96:,205:101:99:,206:100:95:,209:102:96:,207:100:96:,207:102:97:,204:99:96:,203:99:97:,201:98:98:,203:98:97:,200:96:96:,190:92:95:,178:80:90:,193:91:92:,216:123:110:,223:134:113:,218:127:105:,221:128:109:,223:130:107:,222:127:103:,224:127:103:,222:132:106:,221:132:109:,231:165:124:,250:209:154:,234:184:141:,169:77:86:,184:89:95:,189:92:94:,188:93:98:,194:91:93:,196:94:95:,194:93:94:,195:96:98:,197:93:96:,190:90:93:,205:117:112:,
226:130:110:,226:130:108:,225:129:105:,224:128:107:,228:137:111:,235:146:116:,234:139:107:,204:97:90:,163:58:80:,173:67:82:,180:71:82:,178:71:82:,177:72:82:,187:80:86:,197:89:91:,203:93:91:,205:96:94:,206:98:95:,207:99:96:,207:98:95:,209:100:96:,210:101:97:,209:100:96:,209:100:96:,208:99:97:,208:98:98:,206:99:98:,207:97:95:,205:100:97:,206:98:94:,209:101:97:,205:99:96:,207:99:96:,206:97:95:,203:96:94:,203:96:96:,205:96:96:,204:95:97:,193:91:95:,183:81:92:,180:77:88:,211:110:108:,225:131:116:,222:132:112:,224:133:109:,225:133:107:,225:130:105:,225:129:106:,222:128:105:,218:128:109:,217:133:105:,248:195:145:,252:208:155:,197:126:105:,178:82:90:,186:90:93:,191:90:95:,192:91:92:,194:92:95:,197:92:94:,199:94:96:,200:99:97:,165:76:85:,96:24:62:,
225:130:109:,227:132:107:,226:131:109:,224:131:110:,230:144:112:,230:142:112:,229:133:106:,205:99:96:,164:59:78:,174:67:81:,180:73:81:,177:71:81:,179:70:79:,189:80:86:,197:87:89:,203:92:90:,207:95:93:,209:97:95:,210:98:96:,210:98:96:,210:98:95:,211:99:96:,211:99:96:,211:99:96:,208:98:97:,211:98:97:,208:98:96:,208:98:97:,207:98:97:,206:97:94:,211:103:100:,207:100:100:,208:98:96:,206:96:95:,206:96:95:,205:94:93:,205:96:95:,204:95:96:,195:93:96:,187:85:95:,176:75:89:,195:96:102:,220:126:115:,225:138:119:,227:137:113:,229:138:111:,227:134:108:,225:130:107:,223:127:107:,218:127:108:,219:124:105:,228:156:121:,252:209:155:,242:190:147:,175:87:85:,185:85:93:,190:90:93:,191:93:94:,192:95:97:,199:97:98:,207:102:103:,161:73:83:,92:24:65:,94:23:63:,
227:130:111:,228:133:108:,227:133:110:,231:139:114:,231:143:114:,227:135:108:,232:133:107:,205:96:91:,162:55:74:,174:66:80:,180:72:82:,178:71:82:,180:71:78:,187:78:82:,197:89:88:,201:92:90:,204:95:93:,205:95:94:,206:96:96:,207:97:98:,210:97:96:,210:97:96:,210:96:95:,211:96:96:,213:99:99:,209:91:91:,205:90:88:,207:92:92:,203:93:92:,205:94:92:,205:97:95:,206:99:99:,207:99:98:,204:95:93:,205:95:94:,205:94:93:,206:93:92:,206:94:94:,199:92:96:,191:85:96:,180:76:90:,193:92:102:,218:123:114:,226:135:121:,226:135:116:,226:134:111:,226:133:108:,225:131:107:,223:129:109:,220:129:106:,217:126:109:,215:122:104:,246:189:142:,252:215:157:,214:151:120:,179:83:88:,191:91:92:,193:91:94:,193:93:96:,202:100:103:,163:71:88:,93:24:65:,94:20:60:,99:26:65:,
228:133:111:,230:135:110:,230:140:114:,233:144:113:,232:141:110:,227:133:110:,232:132:105:,206:96:88:,162:55:73:,174:66:80:,179:71:80:,176:70:78:,178:70:81:,189:78:85:,197:86:89:,199:90:91:,204:93:91:,204:95:94:,205:92:92:,207:94:96:,210:94:93:,207:95:96:,208:97:97:,209:94:94:,210:96:94:,208:91:90:,205:88:88:,204:89:89:,203:91:89:,200:89:89:,203:94:95:,205:97:100:,206:98:102:,203:96:94:,205:95:94:,206:92:91:,205:93:92:,206:93:95:,201:91:96:,191:84:93:,183:77:90:,195:88:100:,215:114:111:,222:129:116:,225:132:118:,224:134:112:,225:132:107:,227:130:109:,226:131:111:,224:129:108:,221:126:111:,217:120:105:,221:143:106:,251:210:152:,249:208:163:,183:103:96:,185:83:89:,194:91:96:,197:99:100:,161:69:83:,90:18:63:,98:27:69:,100:25:64:,99:23:63:,
229:135:113:,228:138:110:,234:141:113:,230:131:103:,230:133:106:,230:135:111:,231:132:107:,204:96:88:,160:55:72:,173:66:81:,177:70:81:,177:70:80:,177:70:80:,189:78:84:,197:87:88:,199:90:89:,204:92:90:,204:93:92:,206:92:92:,208:94:96:,207:92:95:,209:95:95:,212:94:95:,210:92:95:,210:94:99:,206:93:98:,201:99:102:,200:109:111:,201:118:117:,197:113:112:,192:96:96:,198:92:95:,203:93:99:,205:93:96:,207:95:99:,204:95:96:,206:93:93:,206:92:92:,202:89:93:,193:83:90:,185:79:89:,194:86:95:,214:110:108:,218:122:113:,222:128:115:,222:130:112:,223:128:108:,226:128:109:,225:127:108:,223:125:105:,218:119:105:,216:117:102:,211:114:99:,243:181:139:,252:217:167:,228:172:134:,175:78:82:,186:89:93:,159:69:84:,91:20:60:,94:25:66:,102:31:71:,97:24:64:,95:18:61:,
231:135:111:,236:143:113:,232:127:104:,222:110:92:,231:132:106:,231:137:110:,233:134:108:,207:97:90:,160:53:73:,172:63:79:,180:69:81:,180:69:80:,183:71:79:,194:79:84:,201:86:87:,203:89:88:,206:92:91:,206:93:92:,210:93:94:,210:93:97:,212:91:96:,207:94:96:,208:94:98:,204:99:105:,202:117:126:,199:121:128:,201:136:139:,204:152:151:,209:167:160:,208:166:157:,217:168:158:,211:156:146:,197:122:118:,195:88:93:,199:95:101:,206:93:100:,205:92:95:,205:90:93:,200:86:91:,193:82:90:,184:77:88:,194:84:92:,216:110:107:,216:116:109:,219:121:114:,223:127:114:,223:125:109:,225:125:107:,224:122:105:,220:118:99:,217:114:101:,215:112:99:,214:112:97:,218:132:110:,250:206:156:,253:215:169:,203:129:108:,155:66:85:,89:18:55:,92:21:63:,100:28:66:,97:27:67:,92:21:61:,95:20:60:,
235:140:114:,236:140:111:,214:103:88:,209:95:86:,233:135:108:,233:141:108:,235:136:107:,210:96:88:,153:49:68:,166:60:76:,174:65:79:,175:66:79:,182:69:81:,192:77:84:,198:83:86:,202:88:89:,204:89:88:,205:90:91:,210:91:93:,210:93:96:,208:101:104:,203:110:115:,193:98:109:,193:106:117:,193:111:120:,199:121:127:,200:131:132:,205:144:141:,207:155:148:,211:164:153:,214:172:157:,217:179:161:,223:185:169:,213:161:152:,189:99:105:,196:88:96:,198:89:94:,199:88:92:,196:83:90:,189:78:89:,180:72:87:,195:84:92:,218:111:105:,218:116:107:,217:118:113:,220:121:113:,222:123:110:,219:117:101:,221:115:99:,220:115:98:,219:112:101:,216:110:97:,218:111:99:,215:111:95:,235:166:131:,254:219:172:,227:181:147:,90:17:56:,91:20:65:,100:27:66:,99:25:64:,94:25:64:,93:23:62:,97:22:60:,
239:147:117:,228:123:100:,178:66:71:,202:91:86:,234:136:107:,235:140:109:,235:133:105:,208:94:86:,148:45:67:,160:57:76:,171:65:80:,174:66:81:,178:69:82:,185:74:82:,194:81:86:,197:83:88:,201:88:92:,206:89:90:,207:88:91:,209:103:96:,188:84:92:,189:90:100:,189:93:103:,193:103:112:,189:105:112:,194:110:115:,196:119:125:,203:137:135:,210:157:146:,214:167:152:,217:172:157:,217:178:161:,222:182:164:,222:188:172:,221:178:170:,192:121:124:,181:78:89:,190:81:88:,191:81:88:,185:76:90:,179:71:84:,192:83:91:,221:114:107:,223:119:108:,217:114:109:,214:112:106:,217:116:109:,219:115:103:,221:111:99:,222:114:101:,219:112:99:,218:111:101:,217:113:101:,218:114:101:,219:124:106:,243:189:150:,140:91:87:,88:17:64:,97:24:64:,100:27:66:,94:22:65:,92:24:64:,98:26:66:,89:20:57:,
237:138:113:,205:93:90:,155:48:67:,202:92:88:,234:137:107:,237:141:110:,234:132:104:,207:93:86:,148:45:67:,161:59:78:,170:68:82:,171:68:82:,174:68:83:,182:74:84:,192:81:87:,195:83:88:,200:85:90:,204:86:91:,211:93:92:,201:92:92:,186:78:86:,188:85:92:,195:94:102:,194:99:106:,195:105:112:,196:108:112:,198:115:120:,202:127:128:,208:147:139:,215:166:154:,217:174:158:,220:180:163:,223:184:169:,221:184:170:,216:188:176:,225:197:187:,210:171:168:,167:81:90:,181:75:88:,178:72:85:,177:70:86:,190:81:92:,225:117:109:,230:126:112:,223:117:108:,201:95:93:,205:94:99:,224:116:105:,223:113:101:,223:116:101:,219:111:98:,221:113:101:,220:114:103:,221:119:107:,226:122:113:,142:63:72:,89:18:63:,96:24:64:,100:25:62:,94:21:61:,97:26:70:,97:27:66:,100:35:72:,148:83:93:,
224:116:100:,171:59:71:,157:52:73:,202:94:87:,233:135:108:,238:142:112:,233:132:105:,205:91:85:,152:46:69:,164:58:78:,171:65:81:,173:68:82:,175:69:83:,183:75:85:,191:81:87:,197:84:90:,202:86:90:,203:88:90:,203:88:88:,186:76:83:,189:84:91:,190:89:95:,190:91:96:,190:95:99:,196:104:108:,198:107:109:,199:111:114:,203:120:120:,209:145:137:,219:168:157:,222:175:163:,216:171:159:,218:181:171:,225:195:183:,230:203:191:,231:203:192:,235:212:197:,210:172:165:,160:60:76:,169:67:85:,167:65:84:,187:79:92:,224:115:108:,229:124:108:,228:120:110:,194:88:90:,157:53:73:,211:104:103:,223:115:105:,225:114:102:,223:113:99:,224:113:102:,224:113:104:,229:120:106:,173:84:93:,87:16:57:,94:24:63:,99:27:66:,95:20:62:,97:26:65:,92:27:68:,112:42:86:,137:69:91:,207:127:119:,
193:78:78:,160:55:73:,160:53:72:,201:93:85:,231:133:105:,236:141:111:,234:132:106:,204:90:85:,149:47:69:,163:61:80:,171:66:81:,175:68:83:,176:67:80:,185:74:82:,194:81:86:,198:83:88:,202:87:90:,201:89:89:,188:75:83:,187:80:88:,190:85:94:,185:84:92:,187:87:95:,194:98:104:,200:108:110:,203:112:111:,206:116:117:,207:119:117:,212:139:131:,216:157:147:,209:162:154:,223:187:177:,230:199:189:,225:197:187:,225:196:185:,228:200:188:,229:205:191:,238:216:203:,184:136:135:,152:54:75:,159:60:79:,185:78:90:,224:115:109:,229:125:111:,227:122:114:,197:92:98:,111:25:56:,179:75:90:,222:113:108:,224:113:104:,223:111:101:,225:112:104:,226:114:105:,210:106:108:,98:26:61:,94:22:63:,103:27:66:,94:22:64:,98:27:65:,93:23:65:,104:37:80:,139:71:99:,198:118:123:,204:124:117:,
160:56:72:,163:58:75:,160:55:74:,200:90:86:,231:131:107:,235:141:114:,231:133:108:,203:91:88:,149:47:69:,164:60:78:,172:66:82:,172:67:81:,176:69:80:,185:73:83:,195:82:87:,196:84:88:,204:89:93:,191:83:90:,191:80:87:,188:79:88:,188:84:91:,187:88:95:,193:97:103:,198:104:106:,203:110:112:,204:114:111:,202:110:112:,203:115:114:,207:131:129:,212:160:153:,225:186:176:,227:192:181:,226:191:181:,223:189:179:,226:195:186:,225:196:186:,227:200:189:,228:204:194:,231:209:199:,194:152:151:,142:45:69:,183:76:83:,221:116:111:,229:125:113:,227:123:115:,198:93:95:,107:25:61:,130:42:66:,203:96:96:,227:113:105:,222:109:99:,223:113:105:,228:118:110:,133:50:67:,91:16:60:,103:29:67:,99:25:65:,99:23:66:,96:23:64:,99:28:70:,123:55:89:,192:115:123:,202:125:125:,212:145:127:,
158:58:77:,163:59:77:,159:56:77:,199:91:90:,230:130:108:,233:139:114:,231:133:110:,204:92:91:,150:48:69:,162:58:76:,171:65:80:,173:68:82:,174:68:80:,182:75:81:,193:80:86:,190:81:86:,213:115:106:,181:69:79:,186:77:86:,188:80:87:,190:83:90:,193:91:99:,199:103:108:,205:111:112:,202:110:112:,207:109:112:,193:99:104:,193:117:117:,219:165:153:,227:180:167:,224:180:168:,219:178:167:,223:185:176:,229:194:184:,228:195:186:,227:197:187:,225:199:187:,225:200:187:,229:206:192:,235:215:201:,164:115:118:,175:68:82:,221:114:104:,229:124:114:,227:123:113:,200:93:96:,111:28:61:,98:14:55:,160:58:73:,211:108:101:,214:119:110:,224:115:105:,178:83:88:,91:17:64:,99:25:62:,105:26:66:,98:24:66:,99:25:68:,96:27:69:,104:35:72:,187:111:125:,196:117:119:,211:138:127:,214:144:127:,
159:59:79:,162:57:74:,158:53:73:,196:89:88:,230:131:109:,233:139:113:,232:134:111:,205:93:92:,146:46:70:,159:55:76:,169:62:78:,171:65:79:,174:70:84:,181:74:83:,191:76:88:,191:92:91:,215:133:114:,180:71:84:,188:77:87:,191:78:86:,194:86:92:,200:97:104:,204:106:110:,202:105:105:,201:106:106:,186:93:104:,201:124:128:,226:167:156:,220:167:153:,222:171:159:,219:170:159:,225:184:172:,224:186:177:,224:190:180:,223:191:182:,224:194:184:,225:195:187:,223:201:189:,226:202:191:,230:208:196:,226:197:191:,155:62:75:,222:112:103:,228:123:111:,227:124:113:,200:93:96:,111:29:62:,87:16:56:,148:112:120:,228:190:181:,231:202:192:,235:199:186:,96:38:67:,93:24:66:,104:27:70:,101:29:71:,99:26:68:,98:27:68:,92:23:62:,168:96:116:,199:120:121:,210:133:129:,212:140:127:,213:138:125:,
160:59:77:,168:60:76:,165:58:75:,195:87:85:,230:131:107:,236:142:114:,231:134:109:,203:91:88:,143:43:66:,158:55:74:,171:64:79:,174:67:78:,177:66:80:,184:72:81:,192:78:88:,211:137:118:,209:113:100:,177:69:84:,190:76:87:,188:80:88:,197:92:97:,197:93:100:,196:94:98:,203:99:102:,187:89:96:,210:135:136:,221:155:147:,216:152:143:,219:161:152:,217:165:154:,223:176:166:,218:178:167:,222:179:172:,221:181:173:,225:187:180:,226:191:183:,223:193:182:,223:195:185:,223:200:190:,225:199:192:,231:212:202:,185:130:132:,218:110:106:,228:128:112:,228:124:112:,194:89:91:,94:25:57:,174:143:149:,216:186:176:,229:206:190:,236:209:195:,241:219:206:,140:109:120:,93:22:64:,101:26:68:,97:22:61:,94:22:62:,97:27:69:,139:71:96:,204:123:127:,206:129:126:,214:138:126:,211:139:126:,212:138:122:,
169:64:79:,173:65:80:,172:62:77:,200:87:83:,230:131:106:,236:143:115:,234:138:110:,206:96:89:,152:46:67:,163:58:75:,175:65:79:,178:68:79:,182:67:79:,188:74:81:,188:78:84:,227:155:130:,200:97:88:,176:68:80:,185:72:85:,193:84:90:,195:87:93:,198:90:96:,201:97:103:,189:92:97:,213:128:126:,215:137:134:,215:144:138:,217:156:149:,223:165:155:,220:166:157:,220:168:159:,215:163:156:,220:171:162:,222:180:170:,222:186:176:,222:188:179:,224:188:179:,214:181:171:,222:191:183:,223:195:188:,223:197:189:,226:197:193:,218:138:128:,230:124:101:,222:118:102:,183:106:108:,204:170:170:,220:189:179:,231:202:190:,225:199:184:,226:197:186:,241:215:203:,149:115:123:,95:26:66:,98:24:67:,96:20:60:,100:25:64:,97:29:65:,196:117:129:,206:126:125:,214:139:127:,213:136:125:,210:135:125:,211:133:125:,
173:67:80:,175:66:78:,176:63:77:,205:90:84:,229:131:105:,236:146:116:,238:142:114:,208:98:91:,153:46:68:,164:60:77:,176:66:80:,177:67:78:,179:65:77:,185:72:79:,179:71:79:,233:162:133:,199:91:87:,179:70:82:,180:68:83:,189:76:86:,196:86:95:,196:88:97:,192:92:97:,212:119:118:,212:124:122:,206:123:121:,216:142:137:,219:157:150:,213:153:146:,221:161:154:,213:155:147:,217:162:154:,219:166:156:,218:168:159:,220:175:167:,221:177:170:,215:169:163:,216:179:170:,220:187:178:,220:187:179:,219:186:179:,215:185:182:,221:180:165:,219:127:111:,226:162:150:,224:188:171:,223:193:181:,226:198:188:,225:195:181:,225:196:184:,229:204:194:,241:216:204:,116:73:93:,96:26:69:,95:21:65:,94:20:60:,101:26:69:,165:87:105:,207:124:127:,212:136:127:,213:138:127:,213:135:125:,210:134:124:,210:132:123:,
173:67:80:,174:65:77:,177:64:78:,204:89:83:,233:135:107:,238:150:118:,238:146:115:,209:100:91:,152:46:67:,163:58:75:,174:64:78:,175:65:76:,176:64:76:,183:69:78:,174:67:76:,246:178:139:,212:105:96:,188:76:81:,183:71:85:,191:78:88:,196:87:97:,193:89:97:,211:115:118:,210:117:116:,205:113:112:,213:126:125:,214:135:131:,217:148:143:,218:152:143:,215:148:139:,220:156:146:,219:158:147:,216:157:147:,221:163:154:,221:167:159:,216:167:159:,218:174:168:,219:179:171:,216:175:168:,215:169:164:,211:173:167:,206:166:164:,219:180:170:,224:181:164:,222:189:172:,229:194:183:,225:194:183:,222:192:180:,225:197:185:,224:187:176:,228:202:188:,233:205:191:,85:25:63:,96:25:67:,93:21:62:,98:25:66:,132:56:90:,206:118:129:,208:128:125:,213:140:129:,212:137:127:,213:135:125:,210:134:124:,211:133:123:,
170:65:80:,171:64:78:,173:63:77:,202:89:85:,233:136:108:,237:150:117:,236:146:113:,209:100:91:,153:47:68:,165:61:78:,175:65:79:,175:65:76:,175:65:76:,180:68:78:,177:73:82:,244:180:133:,225:122:102:,208:94:89:,182:69:80:,188:77:87:,189:83:92:,208:108:112:,208:113:115:,199:105:107:,213:121:120:,210:122:122:,208:124:123:,214:137:135:,219:145:141:,219:149:142:,217:150:141:,220:152:142:,216:148:139:,214:147:140:,216:155:148:,216:164:156:,217:169:163:,215:165:161:,217:163:160:,210:155:152:,210:160:153:,218:174:161:,220:183:168:,227:191:178:,224:189:177:,221:190:178:,222:192:181:,226:194:183:,225:188:178:,209:151:138:,219:172:161:,198:157:153:,89:21:63:,96:24:63:,93:22:60:,103:32:74:,179:101:116:,209:124:126:,212:139:129:,214:139:127:,213:137:129:,213:136:126:,212:136:125:,212:136:123:,
170:63:78:,167:62:76:,172:61:75:,204:92:88:,233:137:108:,236:149:117:,237:145:112:,211:102:93:,152:48:70:,165:61:78:,174:65:79:,175:64:77:,175:64:76:,178:65:76:,179:83:84:,243:177:131:,229:132:103:,216:105:92:,186:74:81:,186:77:87:,207:106:110:,203:103:109:,196:100:106:,210:115:115:,206:113:114:,207:118:119:,210:123:123:,214:132:132:,215:133:134:,213:139:142:,215:140:140:,217:142:138:,213:139:134:,215:143:142:,217:146:144:,217:149:147:,214:149:147:,211:149:148:,204:145:145:,214:161:151:,221:174:156:,226:186:170:,224:188:173:,221:184:170:,221:187:175:,225:192:182:,223:194:183:,231:199:186:,212:156:149:,209:140:136:,216:161:152:,143:104:111:,91:24:63:,92:25:64:,96:24:68:,146:70:98:,208:123:128:,209:131:127:,213:139:129:,213:136:126:,211:137:127:,210:137:125:,209:136:123:,209:136:122:,
171:65:79:,169:64:78:,179:65:79:,209:93:88:,233:137:108:,238:150:118:,238:146:113:,212:103:94:,149:45:67:,163:59:77:,173:64:78:,174:63:77:,176:63:76:,176:63:74:,184:93:93:,247:187:141:,233:147:108:,229:121:100:,199:89:86:,202:94:102:,200:100:106:,194:95:103:,209:110:110:,205:105:111:,202:103:115:,207:114:117:,211:123:125:,193:110:125:,184:103:124:,178:104:132:,191:121:134:,184:114:126:,208:132:138:,207:132:139:,206:133:144:,192:121:134:,201:128:141:,208:142:136:,220:164:150:,225:180:165:,226:185:169:,219:180:167:,220:184:174:,223:190:178:,226:195:181:,227:195:186:,223:201:189:,226:183:172:,188:117:116:,178:96:107:,219:177:169:,83:19:58:,95:23:68:,100:28:68:,102:30:76:,191:108:120:,207:124:124:,214:136:130:,212:136:128:,212:133:126:,211:135:127:,210:134:125:,210:135:125:,209:133:123:,
173:67:80:,172:66:79:,184:68:79:,215:95:88:,235:139:108:,238:151:117:,239:147:114:,213:103:93:,148:45:67:,161:58:75:,173:64:78:,177:65:79:,179:62:76:,178:63:74:,178:80:84:,249:191:146:,240:163:117:,216:109:89:,200:94:90:,193:88:97:,188:88:98:,206:106:108:,201:99:108:,199:98:105:,201:103:108:,207:111:122:,194:101:121:,182:98:126:,162:81:114:,137:63:110:,181:120:155:,147:87:131:,127:72:121:,132:68:109:,108:41:83:,101:41:82:,179:124:134:,215:162:156:,227:182:166:,223:184:171:,223:185:171:,220:183:173:,223:189:179:,223:192:180:,227:196:186:,228:189:177:,206:151:142:,166:90:91:,163:73:88:,218:162:153:,161:117:123:,94:23:62:,94:20:61:,96:24:65:,134:65:93:,206:121:126:,211:133:127:,214:139:130:,212:138:128:,211:135:128:,210:134:128:,209:133:126:,208:132:125:,208:132:124:,
179:69:84:,173:66:77:,185:69:77:,214:95:86:,235:139:108:,237:150:115:,238:146:112:,214:105:94:,149:46:67:,162:58:76:,172:63:77:,176:65:78:,177:64:77:,175:63:74:,162:55:65:,245:187:143:,245:169:124:,208:104:93:,205:103:107:,183:79:93:,205:101:108:,201:98:106:,197:97:104:,200:100:110:,207:104:113:,190:93:111:,184:95:126:,150:75:118:,129:56:101:,107:39:92:,140:80:132:,126:66:117:,128:67:117:,105:52:101:,87:37:70:,177:120:131:,212:156:149:,222:175:163:,221:183:168:,219:181:164:,221:181:168:,218:183:172:,220:188:176:,224:187:177:,205:156:152:,156:75:85:,162:76:85:,195:113:112:,226:162:150:,157:107:107:,92:21:61:,97:23:63:,95:24:63:,97:29:73:,180:102:115:,205:126:127:,213:144:132:,212:141:129:,211:140:129:,209:138:131:,209:135:130:,208:134:128:,207:133:127:,206:132:125:,
179:73:86:,178:69:80:,182:67:75:,212:94:86:,234:137:109:,236:149:114:,238:146:113:,215:105:95:,149:46:67:,161:57:75:,170:63:77:,175:65:79:,173:64:76:,177:65:74:,172:60:73:,220:159:129:,246:179:133:,222:132:112:,198:96:97:,200:97:107:,196:94:102:,193:92:104:,197:93:103:,195:99:108:,192:95:112:,167:83:112:,122:50:96:,109:44:92:,96:24:73:,127:65:111:,116:51:98:,132:73:125:,107:51:103:,116:69:106:,187:119:124:,216:165:156:,217:172:158:,215:171:159:,215:171:156:,214:173:160:,220:179:165:,224:183:170:,196:153:147:,149:91:109:,165:99:124:,214:131:129:,231:144:124:,233:163:143:,162:110:107:,93:21:62:,102:27:66:,95:23:61:,98:26:63:,119:51:82:,202:119:127:,211:136:128:,214:147:130:,212:145:130:,211:141:132:,209:138:131:,207:135:129:,207:135:129:,207:134:128:,206:131:126:,
181:75:88:,177:70:81:,178:64:74:,204:89:84:,233:137:111:,236:150:117:,238:147:114:,217:107:96:,147:44:65:,159:55:73:,170:63:77:,174:64:77:,176:62:75:,179:66:76:,184:70:78:,180:97:92:,247:188:146:,234:156:128:,194:93:94:,197:95:104:,194:91:104:,194:93:114:,195:93:118:,192:93:116:,141:57:98:,124:53:98:,101:40:88:,119:59:103:,91:24:71:,112:44:91:,106:36:85:,110:51:104:,128:85:131:,162:103:132:,220:166:159:,222:180:166:,213:170:159:,214:167:159:,211:163:156:,213:172:164:,219:175:166:,217:162:150:,144:57:82:,147:81:113:,162:102:127:,209:134:136:,233:157:139:,148:93:91:,92:19:60:,101:26:63:,104:29:66:,96:21:61:,100:27:65:,157:85:106:,195:116:120:,215:148:131:,213:146:129:,212:145:130:,213:143:132:,210:140:131:,208:139:131:,207:138:130:,206:135:127:,204:132:125:,
180:74:86:,176:70:81:,173:62:75:,198:85:83:,232:136:112:,236:151:119:,239:149:116:,217:108:97:,146:44:65:,158:54:73:,170:63:78:,173:62:77:,176:62:76:,180:69:78:,189:77:82:,175:67:79:,227:170:139:,241:172:134:,198:96:94:,186:84:100:,191:92:110:,197:93:109:,185:90:117:,146:64:102:,116:38:87:,125:56:106:,96:30:80:,121:54:107:,105:39:86:,97:24:70:,103:37:83:,118:54:102:,139:87:135:,192:140:154:,216:170:160:,213:165:154:,210:162:154:,210:162:153:,210:163:157:,227:176:169:,236:178:170:,239:179:171:,193:100:103:,134:61:91:,152:88:119:,199:126:134:,133:59:75:,90:18:63:,102:26:66:,106:30:67:,99:23:64:,98:23:60:,109:40:74:,177:103:116:,197:127:126:,213:150:132:,213:146:129:,213:146:130:,212:143:130:,211:141:130:,210:141:132:,208:138:130:,206:136:128:,204:132:125:,
177:73:83:,176:71:82:,171:61:76:,195:84:84:,230:135:113:,236:151:120:,237:149:116:,217:109:97:,148:45:68:,160:56:76:,171:64:79:,177:65:81:,178:63:78:,183:69:78:,192:78:87:,185:73:77:,225:164:138:,223:158:124:,187:80:89:,189:86:100:,199:91:103:,196:90:106:,140:54:82:,113:41:83:,90:21:68:,110:42:91:,110:44:92:,105:42:96:,130:74:121:,92:26:68:,114:54:78:,173:97:119:,183:129:153:,218:167:162:,218:172:161:,204:147:143:,213:160:153:,214:148:141:,233:171:164:,238:184:171:,238:186:175:,243:189:174:,219:129:123:,121:31:65:,128:59:93:,198:126:145:,107:31:65:,95:21:60:,105:28:66:,108:34:72:,93:21:58:,96:21:61:,144:75:98:,187:112:117:,201:133:124:,211:141:129:,213:146:130:,211:144:128:,212:143:128:,212:143:129:,211:139:130:,210:138:128:,209:136:127:,206:131:123:,
178:71:83:,176:69:82:,170:62:77:,194:84:84:,231:134:112:,236:151:120:,238:150:118:,215:110:100:,151:49:73:,159:57:77:,174:67:83:,178:69:84:,177:65:81:,188:77:86:,197:86:90:,194:79:84:,205:125:111:,213:140:120:,191:82:90:,199:91:102:,186:84:103:,124:44:80:,102:28:70:,109:44:87:,102:30:77:,94:26:73:,102:33:85:,125:61:114:,123:69:113:,97:41:67:,192:109:119:,218:153:147:,196:142:151:,208:167:162:,213:161:158:,213:146:141:,221:137:132:,232:158:149:,236:178:167:,239:187:173:,241:191:178:,247:198:183:,238:160:148:,146:43:67:,98:29:67:,190:125:145:,108:37:73:,102:28:65:,108:33:69:,108:32:66:,96:22:61:,97:25:62:,177:105:115:,197:126:120:,207:138:128:,201:132:124:,201:130:124:,203:133:126:,206:136:127:,209:141:131:,209:140:130:,209:136:129:,208:134:126:,208:129:123:,
177:70:82:,174:66:79:,168:61:74:,192:82:84:,229:135:114:,235:154:122:,237:151:117:,215:111:98:,151:49:74:,162:60:80:,174:67:82:,179:70:85:,180:68:84:,189:76:84:,197:81:85:,198:81:87:,197:85:86:,207:109:103:,202:95:105:,191:95:120:,137:50:87:,107:45:90:,89:23:71:,108:41:90:,104:36:83:,102:31:76:,101:31:81:,112:48:98:,104:54:91:,176:99:114:,215:137:127:,220:166:154:,199:154:156:,215:166:162:,210:141:137:,223:134:132:,233:147:140:,235:159:148:,238:179:167:,238:186:172:,241:191:176:,247:197:185:,241:184:167:,173:69:82:,91:17:61:,179:114:133:,119:47:77:,102:30:70:,106:36:70:,101:27:66:,97:26:65:,121:55:84:,191:116:118:,209:140:126:,211:144:129:,208:143:131:,207:140:129:,202:134:127:,195:128:123:,194:127:126:,196:128:125:,200:129:124:,205:132:125:,209:129:121:,
174:67:81:,173:65:77:,169:62:74:,191:82:84:,229:135:116:,235:154:122:,238:152:118:,215:111:96:,150:48:73:,161:58:79:,175:68:83:,178:69:84:,178:67:81:,189:73:82:,199:83:87:,206:98:98:,193:100:98:,179:92:97:,194:105:126:,165:72:94:,111:52:100:,115:60:108:,90:20:69:,113:46:91:,92:23:67:,105:35:80:,105:44:95:,98:37:85:,151:82:100:,210:138:132:,219:150:140:,212:167:159:,214:167:162:,186:110:112:,205:109:113:,220:132:134:,236:154:148:,233:155:143:,236:171:156:,237:178:163:,239:184:167:,242:195:172:,244:179:166:,169:73:87:,90:14:58:,166:103:121:,141:69:94:,108:37:75:,108:40:74:,97:25:65:,96:25:64:,159:88:109:,191:116:117:,212:141:129:,209:142:126:,207:143:126:,212:146:129:,208:142:129:,201:136:127:,195:130:125:,193:127:127:,192:123:124:,192:122:122:,197:121:122:,
176:69:83:,177:69:80:,169:63:74:,189:80:83:,231:134:113:,238:153:123:,240:153:119:,217:112:99:,151:49:73:,161:59:79:,176:68:84:,176:67:82:,179:66:77:,186:71:81:,197:85:90:,218:114:109:,175:98:101:,153:79:102:,166:83:97:,122:50:96:,111:51:102:,121:67:113:,94:30:76:,100:35:81:,102:39:79:,96:30:73:,110:48:97:,128:63:86:,205:131:128:,224:168:153:,212:157:150:,218:161:154:,199:104:106:,206:103:112:,195:94:105:,164:57:76:,194:99:105:,232:140:137:,234:159:148:,237:174:160:,237:168:156:,206:130:125:,174:82:93:,161:59:79:,101:21:61:,149:91:109:,158:89:109:,110:38:72:,104:34:69:,97:26:63:,104:31:71:,180:104:115:,201:126:121:,212:139:126:,209:137:124:,207:137:123:,206:138:123:,207:139:126:,202:136:124:,202:136:125:,201:137:131:,195:131:129:,188:125:128:,182:114:122:,
172:66:79:,172:64:77:,163:57:74:,185:76:79:,230:134:110:,240:156:120:,239:152:121:,220:113:99:,153:47:66:,160:55:72:,176:65:81:,178:63:75:,174:60:72:,196:108:108:,216:127:115:,224:123:113:,195:106:106:,129:62:88:,114:55:103:,127:67:122:,130:71:125:,96:34:81:,107:49:93:,88:19:67:,119:60:104:,97:32:71:,88:21:59:,186:114:119:,220:159:142:,227:185:171:,208:154:146:,139:51:66:,120:28:58:,111:30:61:,134:66:91:,152:58:77:,210:91:101:,222:113:115:,236:153:144:,242:184:169:,187:114:115:,131:50:75:,120:37:69:,117:31:64:,100:20:60:,143:77:101:,169:99:116:,110:38:73:,99:26:62:,95:27:66:,120:51:79:,192:115:118:,210:136:123:,210:136:122:,209:133:120:,210:134:121:,207:135:123:,207:135:123:,204:133:122:,202:134:126:,199:135:130:,192:128:128:,186:124:126:,181:118:128:,
170:66:80:,167:62:78:,155:51:71:,179:73:77:,230:135:111:,240:157:121:,241:156:123:,218:112:97:,155:48:70:,169:60:75:,180:66:76:,180:67:79:,163:58:73:,182:114:119:,222:147:129:,193:107:104:,130:56:84:,112:47:95:,106:45:96:,106:48:100:,139:84:137:,86:22:68:,94:31:72:,108:45:85:,90:22:64:,89:25:67:,137:68:92:,206:142:137:,221:175:163:,218:173:160:,173:78:85:,128:35:64:,148:59:89:,130:71:98:,233:182:189:,179:83:98:,198:79:89:,219:100:107:,238:161:153:,224:167:156:,133:56:86:,146:78:107:,181:102:122:,106:18:55:,95:18:58:,136:69:96:,177:108:124:,118:43:78:,98:24:62:,95:25:63:,156:85:103:,197:121:118:,211:137:125:,208:134:121:,207:131:120:,207:131:121:,206:132:121:,207:132:119:,204:130:121:,198:128:122:,193:125:124:,185:118:123:,176:113:116:,185:125:124:,
175:68:82:,169:63:78:,154:50:71:,179:70:77:,231:134:112:,239:158:123:,242:159:125:,220:114:98:,165:54:70:,176:65:75:,187:74:81:,160:67:79:,165:87:109:,196:126:138:,188:141:140:,113:56:97:,118:63:113:,106:50:100:,113:51:106:,123:66:124:,146:96:148:,106:49:92:,89:19:63:,95:24:64:,92:22:64:,102:40:65:,192:121:128:,218:166:152:,216:170:158:,198:93:102:,213:103:113:,202:99:110:,194:89:105:,204:118:131:,214:148:151:,216:118:125:,210:87:98:,214:95:104:,239:172:164:,221:162:156:,196:104:121:,195:113:136:,158:68:86:,123:33:64:,99:25:63:,125:59:88:,182:120:134:,118:46:80:,95:22:61:,103:31:66:,177:103:112:,203:129:121:,208:134:123:,205:131:121:,204:130:121:,208:135:126:,206:132:122:,204:130:121:,198:125:119:,190:120:119:,185:117:121:,192:129:119:,214:156:134:,226:172:138:,
170:66:80:,160:57:73:,145:44:67:,172:65:74:,230:133:113:,238:159:124:,242:161:127:,223:118:100:,163:53:67:,178:64:75:,191:73:80:,193:100:114:,185:105:126:,125:60:101:,98:36:79:,104:47:100:,136:91:144:,110:57:105:,105:43:98:,127:77:130:,135:86:140:,114:62:104:,91:20:65:,95:21:63:,87:18:63:,161:86:96:,217:150:141:,219:172:163:,179:81:87:,216:95:107:,224:120:125:,228:126:130:,223:123:127:,220:125:132:,222:136:141:,221:127:132:,215:98:107:,215:91:102:,235:161:160:,234:186:180:,218:125:130:,207:99:106:,187:75:87:,147:48:71:,103:23:62:,121:49:80:,191:128:143:,109:36:70:,96:26:62:,115:46:72:,189:112:115:,207:135:126:,206:133:123:,204:130:121:,203:130:123:,201:129:122:,200:129:122:,197:125:119:,191:120:119:,182:116:116:,209:153:131:,232:179:136:,233:181:133:,231:179:132:,
160:57:77:,151:50:70:,136:38:63:,166:62:72:,228:132:114:,238:158:124:,243:159:123:,222:117:102:,161:52:67:,174:63:78:,193:91:110:,186:104:141:,156:95:136:,122:66:109:,108:46:97:,134:81:135:,134:80:130:,89:24:71:,102:43:91:,126:70:121:,128:84:128:,146:81:106:,98:29:71:,88:21:64:,117:57:83:,196:121:121:,225:179:167:,149:87:93:,196:76:88:,215:96:102:,227:119:122:,233:140:138:,232:151:145:,231:151:145:,233:149:144:,224:126:127:,221:107:114:,217:91:98:,229:148:150:,237:194:184:,223:138:138:,218:105:111:,209:90:104:,156:56:76:,108:28:63:,114:39:74:,200:133:142:,100:24:60:,95:22:60:,149:74:92:,195:119:116:,208:137:126:,206:133:124:,202:130:124:,201:130:124:,197:128:120:,195:126:121:,191:120:118:,183:114:115:,210:154:127:,236:186:139:,236:185:134:,232:181:132:,233:183:141:,
143:47:74:,137:43:70:,129:35:66:,162:60:73:,229:131:114:,236:156:124:,240:155:121:,224:117:101:,161:50:68:,169:66:82:,187:76:91:,159:84:122:,135:72:121:,126:60:112:,110:56:107:,136:88:141:,105:45:94:,92:24:68:,89:25:68:,99:36:75:,100:28:63:,168:94:110:,132:69:87:,81:13:58:,165:87:96:,220:166:160:,165:129:125:,132:38:65:,202:81:90:,216:95:98:,224:113:114:,229:132:129:,233:151:143:,234:153:144:,232:144:136:,224:121:118:,220:107:108:,215:91:95:,226:136:140:,243:195:188:,223:135:134:,220:111:118:,214:91:100:,145:48:72:,108:28:65:,108:32:65:,202:133:141:,103:33:63:,101:28:62:,174:96:101:,206:132:125:,207:136:120:,205:133:123:,200:130:123:,198:127:122:,195:126:120:,193:123:122:,187:115:117:,198:134:118:,238:182:135:,238:183:128:,234:186:136:,234:192:150:,236:195:158:,
137:48:75:,131:45:75:,118:32:65:,158:60:73:,227:129:113:,233:151:122:,239:153:120:,222:116:98:,153:46:65:,177:85:110:,187:101:137:,141:73:114:,147:87:132:,116:55:106:,115:68:123:,140:99:156:,117:64:110:,96:31:72:,85:16:60:,127:53:83:,128:49:76:,196:118:130:,148:79:97:,107:44:66:,196:118:121:,211:172:164:,89:25:57:,138:40:69:,199:77:87:,218:94:99:,226:107:113:,230:124:124:,231:137:131:,233:143:135:,231:137:129:,222:111:108:,217:96:100:,211:86:93:,221:121:128:,244:199:192:,221:132:129:,219:109:116:,206:90:98:,119:33:66:,114:34:69:,106:30:60:,194:124:134:,123:60:82:,104:30:65:,192:111:109:,208:136:126:,208:136:117:,205:133:122:,200:130:123:,197:126:122:,193:124:118:,190:119:119:,184:115:111:,230:170:131:,238:185:127:,236:185:134:,238:196:151:,239:201:161:,235:195:158:,
144:50:74:,135:45:74:,116:27:62:,154:55:68:,227:128:113:,236:153:125:,241:154:123:,224:117:100:,154:51:70:,175:79:106:,180:86:118:,134:57:104:,135:71:125:,111:54:109:,120:69:124:,142:102:154:,114:60:110:,91:28:71:,89:21:65:,136:60:88:,168:85:101:,122:54:75:,88:23:61:,170:103:109:,204:141:137:,126:76:87:,96:23:59:,148:51:72:,197:75:83:,217:91:95:,224:102:106:,228:115:115:,229:123:120:,230:132:126:,228:128:124:,215:99:101:,216:95:99:,217:93:100:,220:111:115:,247:199:188:,216:127:125:,219:106:112:,184:81:93:,95:19:62:,118:38:71:,103:24:57:,185:117:128:,142:81:98:,132:61:79:,203:120:112:,209:138:124:,205:132:121:,202:130:118:,200:130:123:,198:127:123:,194:125:120:,187:116:114:,205:140:119:,241:185:129:,238:184:132:,240:196:148:,239:200:155:,235:200:161:,236:201:164:,
145:50:71:,142:44:67:,126:32:62:,168:67:78:,228:130:115:,236:151:124:,242:154:126:,225:119:103:,161:58:80:,166:63:81:,178:77:105:,128:54:105:,140:73:125:,121:71:121:,110:53:111:,135:86:144:,146:103:149:,92:30:70:,110:42:73:,90:25:67:,135:72:108:,95:23:60:,134:79:94:,220:163:151:,172:120:119:,90:17:54:,101:25:63:,161:61:80:,201:75:81:,217:88:92:,223:100:104:,228:113:114:,228:119:118:,229:126:123:,228:127:122:,216:103:108:,209:86:93:,194:75:82:,203:85:94:,233:161:151:,218:120:120:,214:101:108:,142:55:78:,92:22:67:,121:37:68:,106:25:60:,174:111:122:,151:87:100:,165:89:94:,208:127:116:,206:136:121:,204:130:122:,200:130:121:,198:127:121:,195:127:119:,192:123:118:,186:114:114:,226:165:125:,242:186:131:,239:192:143:,239:199:154:,238:202:161:,237:203:167:,236:202:167:,
144:46:70:,144:44:68:,133:38:65:,184:85:96:,228:135:119:,234:148:122:,242:155:126:,226:121:104:,159:52:69:,165:61:77:,186:89:115:,114:44:93:,119:57:107:,114:60:108:,114:56:111:,132:86:142:,144:102:151:,116:65:107:,162:87:105:,91:31:72:,131:66:98:,179:116:131:,173:96:107:,191:136:140:,89:24:64:,102:33:69:,102:29:64:,167:70:87:,205:80:87:,217:88:91:,222:98:101:,225:108:109:,226:115:115:,229:123:123:,228:128:125:,226:119:122:,222:106:106:,225:128:128:,229:151:150:,228:161:152:,218:117:120:,194:93:105:,96:26:64:,96:29:69:,130:47:75:,113:31:64:,158:98:109:,161:90:102:,192:107:103:,211:130:118:,205:134:122:,202:131:120:,198:128:119:,198:127:121:,195:127:119:,191:122:116:,187:118:111:,236:176:127:,241:188:134:,242:200:153:,239:199:157:,238:203:159:,237:204:166:,237:203:172:,
136:40:68:,136:38:65:,131:35:61:,184:88:99:,225:135:120:,234:149:123:,240:156:126:,226:122:103:,158:50:69:,171:70:93:,184:89:117:,120:52:104:,124:68:113:,100:41:89:,109:48:100:,119:63:117:,127:76:127:,145:99:140:,131:64:92:,125:55:84:,181:122:134:,202:143:143:,168:98:108:,112:60:77:,101:23:61:,112:34:66:,101:22:63:,162:70:90:,200:77:86:,217:90:92:,223:97:99:,226:104:107:,226:105:107:,228:112:116:,224:118:117:,222:117:118:,222:122:123:,237:174:164:,236:175:168:,230:161:153:,214:110:119:,152:68:90:,89:25:69:,104:32:68:,132:48:72:,114:30:62:,139:77:93:,177:100:109:,206:116:103:,209:133:118:,204:132:122:,199:130:120:,197:129:120:,194:125:120:,195:124:118:,190:119:116:,193:124:111:,239:182:128:,242:197:147:,241:201:156:,239:201:159:,237:203:161:,239:206:169:,238:205:174:,
121:31:63:,128:35:65:,130:36:62:,180:87:99:,226:138:123:,235:153:125:,239:159:127:,227:123:104:,158:56:78:,174:77:103:,176:87:114:,110:45:94:,108:47:96:,99:40:93:,127:72:125:,123:66:121:,118:60:114:,139:90:140:,138:80:111:,200:141:156:,218:167:166:,168:96:104:,137:84:102:,111:37:68:,98:21:57:,119:36:67:,108:24:58:,150:61:85:,190:68:78:,217:90:91:,220:93:95:,226:102:105:,226:105:104:,204:86:89:,207:91:92:,214:95:97:,209:95:97:,215:102:102:,215:113:115:,205:102:106:,200:101:113:,97:27:63:,93:26:66:,111:36:68:,134:49:71:,119:34:65:,121:59:80:,192:112:117:,210:121:106:,206:137:121:,202:132:120:,198:129:120:,197:129:121:,195:126:121:,194:123:117:,189:118:115:,198:126:113:,241:189:136:,243:204:159:,243:202:157:,240:203:159:,239:205:166:,239:208:173:,239:207:174:,
110:28:64:,122:31:64:,132:42:67:,184:90:101:,227:138:122:,236:156:124:,240:160:125:,221:123:118:,179:84:111:,169:73:101:,169:81:113:,114:52:95:,90:27:74:,111:52:107:,142:100:151:,120:66:122:,130:76:131:,121:67:121:,184:105:128:,218:145:146:,186:120:118:,177:115:120:,92:26:65:,97:22:60:,101:24:61:,112:32:65:,111:32:65:,137:52:78:,170:59:74:,209:81:85:,213:87:92:,221:96:99:,228:111:109:,220:99:100:,214:80:86:,221:83:92:,229:108:123:,236:127:144:,227:123:141:,218:110:116:,153:71:87:,92:24:63:,93:22:61:,113:33:67:,138:51:77:,123:40:69:,111:38:70:,206:126:124:,211:126:110:,205:137:122:,202:135:119:,202:132:122:,195:130:121:,194:127:121:,194:126:120:,186:117:115:,204:136:115:,245:200:153:,242:206:160:,242:204:162:,239:206:167:,239:208:170:,239:207:169:,240:204:164:,
104:25:63:,112:25:60:,133:45:68:,182:84:92:,226:133:116:,238:158:126:,238:160:127:,221:126:120:,145:46:72:,180:88:119:,140:61:97:,130:75:113:,97:41:88:,107:49:105:,151:111:162:,134:91:143:,119:72:126:,148:98:147:,174:109:148:,209:138:143:,208:138:127:,101:37:71:,98:32:69:,98:27:66:,101:28:64:,110:33:67:,111:33:67:,128:46:74:,141:45:69:,188:68:77:,204:79:85:,215:90:96:,221:101:106:,225:104:107:,220:93:97:,217:89:91:,217:88:97:,219:96:108:,223:109:119:,196:98:106:,97:24:64:,94:24:67:,104:28:66:,118:36:67:,140:51:76:,129:43:70:,111:34:68:,209:134:130:,209:130:113:,203:137:121:,202:136:122:,202:135:123:,197:133:124:,193:129:124:,189:124:119:,181:114:114:,204:142:118:,248:209:163:,242:208:163:,243:209:170:,242:208:170:,238:203:158:,237:201:153:,239:201:157:,
98:23:63:,100:22:61:,149:61:81:,188:86:92:,223:128:113:,237:155:124:,241:157:124:,225:122:107:,151:47:70:,167:79:113:,126:51:96:,111:52:91:,98:42:91:,91:30:86:,149:107:157:,147:104:157:,135:87:144:,145:85:134:,150:83:124:,209:152:155:,123:68:82:,91:28:72:,103:30:66:,100:26:62:,100:25:64:,103:28:64:,111:31:65:,112:31:63:,123:36:63:,154:48:64:,189:68:79:,212:87:92:,217:99:105:,218:105:110:,221:110:115:,225:119:122:,231:135:133:,229:129:131:,220:118:123:,134:56:76:,88:22:65:,101:30:67:,106:31:64:,120:44:71:,141:54:76:,133:45:69:,113:33:67:,210:139:134:,204:131:116:,201:139:124:,200:135:127:,198:134:126:,195:133:125:,190:128:125:,185:123:122:,173:111:114:,201:147:126:,248:213:169:,244:210:161:,242:210:164:,242:207:163:,241:205:162:,241:203:159:,241:202:156:,
94:23:66:,93:21:62:,142:54:74:,192:87:91:,226:128:113:,236:153:124:,239:156:127:,225:123:108:,148:47:71:,143:64:94:,104:36:82:,116:57:96:,102:41:88:,90:29:80:,138:94:142:,110:62:117:,146:104:159:,151:104:158:,164:100:139:,133:75:99:,93:34:77:,93:29:70:,111:34:72:,100:29:66:,99:27:66:,96:24:60:,107:29:62:,107:31:63:,114:33:66:,118:32:64:,136:37:59:,184:70:80:,207:90:97:,215:106:110:,222:119:122:,230:136:136:,231:141:139:,229:137:138:,202:109:114:,99:28:65:,91:31:75:,105:36:72:,102:27:62:,128:49:76:,143:59:78:,137:49:70:,119:37:70:,210:139:135:,198:128:118:,196:135:124:,196:132:130:,194:132:127:,192:132:126:,186:126:124:,180:120:120:,168:108:113:,212:165:137:,246:214:168:,245:206:156:,245:208:165:,243:205:162:,241:199:151:,241:186:146:,219:158:127:,
95:23:64:,88:17:59:,127:41:67:,180:79:84:,226:131:114:,233:152:125:,239:153:126:,217:119:103:,176:105:125:,157:92:121:,100:39:84:,109:41:84:,102:37:82:,83:21:75:,148:109:158:,119:70:119:,126:79:130:,137:97:149:,163:124:170:,158:110:143:,109:66:100:,88:27:68:,121:42:76:,101:30:63:,96:23:63:,98:25:64:,98:23:63:,107:33:68:,110:31:66:,129:41:69:,147:52:70:,172:72:87:,190:87:96:,200:97:105:,215:112:117:,223:126:126:,224:134:132:,219:133:131:,201:133:131:,119:71:88:,89:35:77:,101:33:74:,99:26:64:,128:49:80:,144:62:85:,140:54:76:,127:44:75:,210:134:128:,175:93:97:,179:102:106:,183:112:114:,186:119:120:,188:128:125:,184:124:125:,175:118:119:,163:102:108:,232:185:151:,245:209:161:,244:204:156:,246:201:154:,240:191:146:,206:143:117:,131:65:71:,100:26:57:,
130:61:86:,106:29:66:,114:30:64:,155:57:73:,224:124:109:,234:148:124:,236:151:128:,226:138:128:,160:86:100:,135:74:102:,85:25:69:,113:46:90:,104:39:84:,112:47:95:,125:80:124:,139:92:139:,138:97:145:,133:90:142:,138:92:145:,140:87:130:,166:119:149:,103:55:89:,122:39:75:,105:35:71:,97:24:65:,97:26:65:,97:25:64:,105:31:67:,108:29:65:,126:38:66:,185:79:89:,206:91:96:,206:95:101:,212:103:107:,217:110:113:,215:114:114:,216:117:115:,223:146:136:,232:180:159:,232:190:175:,200:159:157:,134:89:102:,86:21:64:,125:50:76:,140:61:83:,138:52:75:,134:54:82:,204:126:124:,185:106:105:,179:99:102:,170:90:96:,164:83:93:,164:86:99:,165:95:106:,164:100:106:,157:94:104:,239:191:148:,247:197:147:,244:202:155:,244:194:149:,209:140:119:,117:45:63:,116:35:67:,142:54:76:,
168:117:134:,154:89:106:,132:50:72:,129:39:64:,219:118:108:,235:146:122:,239:151:124:,218:125:110:,179:101:119:,120:61:91:,80:17:64:,130:72:116:,112:61:101:,131:70:117:,99:44:91:,132:82:130:,131:83:133:,119:69:123:,143:99:152:,152:110:155:,137:88:122:,135:82:118:,111:32:70:,107:37:71:,97:26:67:,95:27:66:,99:30:70:,103:30:65:,118:40:70:,115:35:67:,180:74:86:,202:88:95:,205:94:97:,215:105:106:,219:106:107:,215:108:107:,219:125:117:,227:154:139:,229:175:151:,233:182:155:,239:191:161:,238:197:179:,182:145:146:,108:39:69:,129:53:79:,130:44:70:,139:65:86:,204:125:122:,194:125:118:,189:118:116:,185:111:115:,177:101:109:,165:87:97:,150:75:88:,172:90:95:,151:69:78:,238:186:143:,246:202:151:,242:200:151:,205:141:117:,123:47:65:,135:47:77:,148:59:76:,150:56:77:,
162:114:134:,175:134:145:,158:93:109:,123:40:60:,218:119:109:,236:152:125:,237:153:122:,226:131:117:,190:128:139:,89:26:66:,95:24:70:,101:38:82:,110:48:91:,104:42:88:,111:53:99:,113:66:107:,101:46:97:,116:60:114:,136:91:142:,159:123:165:,143:93:132:,151:99:128:,116:62:95:,105:37:74:,100:30:70:,95:29:68:,103:36:75:,109:36:71:,147:58:81:,115:34:65:,184:78:87:,199:87:93:,214:99:105:,218:105:109:,219:107:107:,218:113:109:,225:132:122:,226:147:131:,229:161:141:,233:171:144:,236:184:154:,243:194:167:,243:203:182:,196:155:154:,107:34:64:,127:40:71:,149:79:93:,201:122:116:,196:127:121:,192:123:120:,189:121:121:,185:115:118:,177:108:114:,169:99:108:,188:102:93:,192:109:92:,245:201:152:,246:207:157:,234:180:136:,138:62:72:,150:59:80:,156:62:79:,166:74:87:,154:63:80:,
120:63:92:,179:144:153:,178:131:138:,122:39:62:,220:122:110:,238:155:127:,239:156:125:,228:130:113:,164:94:111:,80:19:61:,98:34:75:,93:30:71:,91:26:72:,123:65:108:,91:28:74:,105:47:96:,116:59:109:,116:61:115:,128:77:129:,147:103:151:,167:122:159:,127:79:111:,147:105:126:,102:30:66:,106:29:65:,94:23:64:,105:36:72:,106:27:62:,175:73:85:,133:41:65:,180:72:88:,213:95:97:,217:99:100:,220:105:105:,219:108:105:,223:114:111:,225:126:118:,225:138:126:,228:152:133:,228:164:141:,234:178:149:,240:189:164:,244:198:177:,247:209:192:,160:118:123:,110:27:59:,159:88:95:,198:120:110:,196:127:117:,193:124:118:,190:122:121:,187:118:121:,180:114:117:,175:106:108:,198:112:95:,221:150:114:,249:207:159:,248:205:150:,204:138:108:,148:55:77:,160:66:82:,173:77:90:,161:65:81:,161:73:90:,
89:27:65:,176:140:151:,184:143:147:,110:33:59:,219:122:108:,236:158:125:,239:159:123:,228:129:106:,157:88:105:,85:24:66:,96:31:73:,87:24:68:,102:46:89:,122:69:108:,98:36:78:,100:39:84:,103:45:94:,127:71:124:,123:70:124:,147:106:152:,155:114:152:,117:69:104:,158:119:143:,103:33:65:,115:38:71:,97:24:63:,100:31:69:,114:31:62:,183:70:78:,143:48:66:,186:76:88:,215:93:95:,221:100:101:,220:103:102:,221:107:105:,223:115:110:,224:123:115:,223:133:122:,226:147:131:,228:160:140:,230:173:147:,238:188:164:,243:198:179:,244:206:188:,229:191:181:,89:16:50:,169:95:93:,197:124:114:,197:128:116:,194:124:117:,189:119:116:,184:115:115:,175:112:115:,182:103:101:,228:162:127:,246:193:145:,249:210:159:,246:192:137:,176:85:80:,163:63:80:,176:78:88:,165:70:81:,161:69:85:,157:75:93:,
80:12:56:,170:130:144:,186:147:148:,109:33:61:,218:122:107:,237:159:125:,238:160:124:,227:130:108:,147:75:94:,94:29:73:,89:21:65:,85:20:66:,130:76:118:,104:51:90:,96:35:76:,87:25:69:,90:27:77:,107:49:99:,130:78:131:,145:104:150:,158:115:155:,161:119:154:,133:94:123:,106:34:68:,109:33:66:,102:30:65:,101:27:65:,147:52:71:,204:87:89:,151:54:72:,192:79:87:,219:96:96:,222:102:100:,222:101:99:,221:104:101:,221:112:105:,222:118:111:,223:130:119:,225:140:128:,229:155:140:,229:171:147:,235:185:163:,241:197:179:,241:203:187:,246:211:193:,134:93:100:,178:96:95:,198:128:121:,194:125:115:,192:123:115:,187:119:115:,182:113:112:,174:105:111:,198:129:115:,249:207:158:,246:204:153:,250:209:156:,223:152:110:,169:64:74:,170:67:79:,181:80:87:,158:64:79:,163:76:93:,150:71:94:,
75:11:52:,162:125:139:,187:152:150:,116:45:67:,217:120:105:,237:155:125:,234:155:124:,223:130:115:,147:74:101:,87:23:68:,90:23:65:,99:35:78:,104:45:85:,106:45:85:,97:34:75:,88:23:67:,95:29:79:,106:49:95:,113:65:116:,154:112:159:,134:84:125:,138:95:124:,133:77:110:,131:71:102:,128:59:93:,104:29:63:,111:28:62:,180:71:78:,207:91:92:,148:52:72:,200:84:90:,218:98:95:,222:105:101:,223:102:99:,220:100:97:,221:107:101:,221:115:109:,222:126:117:,223:135:125:,226:148:135:,228:168:146:,232:183:162:,238:193:177:,240:201:187:,244:206:191:,187:149:141:,187:100:98:,197:129:117:,191:124:116:,187:121:114:,185:120:117:,180:115:114:,175:105:106:,214:146:122:,248:204:148:,248:206:156:,247:197:143:,204:104:87:,175:71:76:,177:72:80:,170:70:79:,161:68:88:,156:71:92:,141:62:88:,
78:13:56:,153:111:127:,189:153:153:,122:54:74:,216:117:102:,237:156:122:,237:159:123:,228:133:116:,154:79:99:,88:22:70:,93:28:71:,102:39:81:,92:31:76:,99:34:77:,91:30:71:,94:31:73:,98:35:84:,109:54:104:,122:75:124:,141:99:148:,138:89:133:,124:74:113:,98:39:73:,103:32:67:,113:39:71:,101:25:61:,136:43:67:,196:81:86:,204:90:98:,146:53:73:,211:93:95:,221:103:106:,222:107:105:,222:104:100:,220:101:97:,221:104:98:,222:112:108:,223:121:114:,224:131:121:,225:144:130:,228:159:139:,232:178:158:,235:190:175:,240:197:181:,242:203:189:,223:180:172:,191:106:101:,192:125:118:,192:125:117:,191:124:116:,187:122:117:,179:117:116:,181:112:110:,208:129:99:,237:179:124:,249:207:152:,238:172:125:,192:83:77:,172:67:77:,166:65:79:,154:60:77:,160:72:89:,148:68:88:,146:68:93:,
77:12:55:,142:100:118:,187:153:152:,133:68:84:,213:112:100:,237:154:124:,238:158:122:,226:130:108:,165:87:104:,90:24:66:,97:34:74:,87:25:67:,96:35:80:,101:39:80:,94:33:74:,93:29:71:,101:44:86:,109:58:106:,108:61:109:,111:69:109:,110:58:104:,153:109:147:,97:36:71:,98:23:60:,93:20:57:,104:25:57:,160:61:75:,201:87:87:,176:75:82:,172:68:84:,216:100:99:,223:105:104:,225:109:105:,224:106:102:,221:103:98:,220:104:97:,222:110:105:,224:119:111:,223:126:116:,223:139:124:,225:154:134:,228:171:151:,232:187:170:,239:197:181:,241:204:187:,244:203:189:,185:109:104:,154:75:83:,167:94:98:,180:111:114:,184:120:118:,183:121:115:,199:125:113:,206:116:98:,216:143:109:,252:210:152:,224:145:104:,176:68:76:,162:63:78:,147:52:71:,161:70:88:,151:67:85:,148:70:91:,132:56:82:,
78:12:53:,137:95:113:,196:162:161:,145:83:93:,208:108:96:,234:152:122:,238:158:122:,229:134:110:,153:74:96:,95:31:72:,86:23:64:,96:34:78:,96:34:79:,97:36:77:,99:35:76:,87:23:66:,93:33:76:,109:60:108:,147:103:152:,120:67:112:,126:70:109:,103:43:79:,94:21:59:,89:21:60:,91:17:56:,132:42:63:,192:78:79:,197:84:86:,134:45:67:,201:93:89:,217:100:100:,224:104:103:,225:107:103:,224:108:102:,222:105:98:,220:101:94:,221:106:100:,223:114:106:,223:122:111:,224:134:119:,224:147:129:,227:164:143:,230:181:163:,236:195:178:,239:202:188:,243:207:192:,187:134:126:,147:59:78:,141:54:72:,135:52:72:,133:59:76:,145:77:90:,193:119:107:,209:141:105:,232:173:129:,249:196:139:,185:93:76:,146:42:65:,151:55:75:,156:66:89:,152:67:87:,149:68:88:,148:71:95:,112:37:66:,
127:49:75:,148:95:108:,201:169:164:,155:102:109:,205:108:95:,233:154:121:,237:160:123:,222:131:109:,150:74:99:,90:25:68:,94:29:70:,92:27:71:,92:29:74:,96:37:78:,101:36:78:,87:24:67:,92:27:69:,97:31:78:,122:82:124:,150:110:155:,136:81:123:,90:21:61:,87:19:56:,87:15:56:,108:26:60:,167:62:73:,200:82:83:,149:55:69:,170:71:79:,216:99:96:,222:102:98:,221:105:103:,224:107:101:,224:109:102:,223:107:100:,222:103:95:,220:104:97:,219:109:100:,223:118:108:,223:129:115:,223:139:124:,227:157:136:,230:176:159:,234:189:174:,237:199:186:,241:204:189:,217:172:159:,155:74:84:,158:77:85:,145:62:78:,117:39:67:,87:18:54:,184:122:103:,234:174:116:,245:190:133:,219:152:111:,130:38:59:,136:44:71:,149:60:83:,153:70:90:,140:57:80:,155:78:99:,137:62:87:,109:33:65:,
142:68:88:,163:109:122:,197:168:164:,166:116:119:,202:106:95:,232:155:122:,238:162:125:,216:130:109:,146:73:99:,87:24:67:,93:24:68:,93:28:69:,90:26:69:,98:39:81:,100:42:85:,98:36:81:,104:43:84:,101:41:84:,104:46:97:,130:82:128:,121:69:107:,87:23:60:,86:19:61:,90:19:56:,140:49:70:,176:69:79:,143:51:65:,159:59:71:,208:92:89:,216:98:95:,221:104:97:,222:105:99:,224:106:102:,225:109:104:,224:109:104:,223:106:101:,220:106:100:,220:106:97:,222:114:103:,222:123:111:,225:134:122:,224:147:129:,227:164:147:,231:183:169:,236:195:182:,241:201:191:,239:198:182:,148:69:79:,160:81:89:,154:73:83:,138:62:83:,127:47:72:,189:118:105:,247:191:131:,213:138:102:,130:49:61:,125:38:68:,140:53:73:,155:73:94:,132:50:76:,146:67:89:,154:82:103:,131:57:83:,114:40:71:,
117:47:74:,144:88:111:,192:161:159:,171:123:124:,199:103:94:,233:154:125:,240:162:127:,220:135:116:,117:47:79:,86:25:67:,97:31:74:,94:29:73:,99:38:82:,108:47:94:,104:45:91:,127:72:118:,104:47:92:,100:47:88:,111:56:103:,143:94:140:,117:63:103:,84:22:63:,88:19:61:,99:22:54:,126:37:62:,149:49:68:,186:75:83:,204:89:87:,211:93:89:,216:98:93:,220:102:95:,222:104:98:,224:106:102:,224:110:105:,226:114:107:,224:111:105:,223:108:102:,222:108:99:,221:111:101:,222:120:109:,223:130:118:,224:143:127:,227:159:144:,228:176:161:,233:190:177:,237:201:189:,241:205:190:,169:107:108:,149:73:86:,157:81:92:,152:78:92:,164:80:92:,187:97:93:,199:123:105:,142:54:72:,139:49:72:,135:51:74:,159:76:97:,133:53:77:,130:49:75:,161:86:108:,150:78:101:,116:42:70:,109:36:68:,
101:32:67:,122:63:93:,205:173:168:,195:152:145:,199:104:95:,235:155:125:,242:164:129:,209:128:112:,103:33:73:,88:26:68:,95:31:74:,100:34:78:,100:42:86:,113:57:102:,94:36:82:,139:86:133:,103:49:94:,116:62:106:,119:61:104:,119:65:111:,115:62:104:,83:21:63:,103:20:53:,148:47:64:,186:72:74:,197:81:83:,210:88:87:,211:91:93:,214:93:89:,217:96:91:,221:101:93:,223:103:95:,223:105:101:,222:108:102:,224:112:105:,226:114:107:,226:113:106:,224:112:102:,222:114:103:,222:119:109:,222:126:114:,224:139:125:,225:153:138:,225:168:152:,229:183:170:,233:196:183:,236:201:187:,195:147:140:,141:68:81:,156:84:93:,167:92:100:,181:89:93:,182:82:86:,171:72:81:,175:78:87:,154:59:77:,148:67:90:,132:53:75:,128:47:72:,155:79:99:,161:94:110:,130:62:87:,105:34:65:,107:30:60:,
92:27:61:,111:51:81:,217:185:174:,213:173:156:,199:105:96:,235:153:119:,240:162:127:,203:124:116:,100:30:70:,91:26:68:,102:36:80:,113:44:84:,105:44:88:,124:70:112:,106:44:90:,121:64:109:,124:75:117:,123:69:111:,104:40:81:,105:41:88:,124:68:114:,117:54:91:,140:42:63:,179:64:70:,198:78:82:,207:85:79:,206:92:87:,211:92:85:,216:95:89:,217:96:90:,221:100:92:,221:100:92:,225:102:99:,223:106:102:,225:111:106:,225:112:106:,225:115:106:,226:119:107:,222:118:106:,224:121:111:,225:127:115:,226:138:125:,224:147:134:,224:163:145:,227:179:165:,232:191:177:,237:198:187:,220:176:167:,139:66:85:,148:76:87:,170:92:95:,197:98:90:,195:88:84:,203:98:90:,186:80:83:,150:63:81:,133:58:87:,136:58:82:,151:69:90:,174:102:116:,142:73:93:,102:32:65:,108:33:62:,151:60:77:,